customer_id,name,phone,email,date_of_birth
1,Mark Greene,+1-779-377-2279x0784,garystevens@example.com,1948-03-14
2,Brandi Ball,001-696-677-5559x786,flowersshawn@example.org,1983-01-09
3,Kevin Vincent,941.236.3530x86860,cassieowens@example.net,1998-12-25
4,Jon Allison,7478686855,agonzales@example.com,1992-08-21
5,Brian Cowan DDS,8716372820,ohayden@example.org,2006-07-08
6,Isaac Kelly,333.827.5559x952,byrdallen@example.org,1977-10-02
7,Heidi Sullivan,829-355-7011x09093,adkinsmichael@example.net,1950-05-17
8,Diane Taylor,550-606-8286x9893,lee85@example.com,1967-10-30
9,Victoria King,383-856-1447x10927,houstongail@example.net,1995-01-16
10,Mallory Thompson,+1-376-411-9670x727,stephanie12@example.org,1987-09-12
11,Chelsea Adams,965.685.1406,stewartmark@example.com,1994-10-12
12,David Payne,963-372-8696x124,perkinsrebecca@example.com,1988-12-23
13,Heather Anderson,759.310.4822x398,ydunn@example.org,1959-01-11
14,Paul Steele,3968293103,hudsonbryan@example.org,1954-09-09
15,Eugene White,(496)288-3656,tanyagonzalez@example.org,2007-03-26
16,Jacqueline Dean,+1-661-626-8938x93653,mphillips@example.net,1997-11-22
17,Melissa Hunt,(358)267-1362,gjames@example.com,1984-12-10
18,Ronald Robinson,(767)912-5700,ryanstephanie@example.com,1987-05-17
19,Dr. Mary Gonzalez,4748662888,emilycabrera@example.net,1984-12-15
20,Dr. Dennis Peterson Jr.,(235)207-7829,adeleon@example.com,1946-09-22
21,Janet Davis,765.647.4787x84493,gmanning@example.org,1977-06-06
22,Austin Leonard,586-928-6480x140,edunlap@example.com,1982-12-19
23,Stephen Ballard,(273)891-6873,csmith@example.com,1951-01-13
24,Eric Wilson,908-701-1403x484,jenniferreynolds@example.org,2002-12-20
25,Alexis Chavez,+1-955-456-8666x38555,hendersonnathan@example.org,1987-09-27
26,Michael Frank,671.916.4498x773,ferrellclayton@example.org,1976-08-17
27,Brian Bond,+1-805-496-2828x6586,woconnor@example.net,1968-06-02
28,Zachary Herrera,001-372-837-9464x410,frostnathan@example.org,1952-10-25
29,Kevin Graham,(817)861-7208x91080,evanmartinez@example.net,1982-11-24
30,Bridget Lopez,+1-898-308-0923,debbieknight@example.org,1965-09-13
31,Lisa Mitchell,001-556-852-8791,shannonmarks@example.org,1962-04-03
32,Todd Huffman,+1-790-648-9188x12407,brianlove@example.net,1948-11-12
33,Mr. Colin Novak,(398)988-9835x930,matthew15@example.org,1995-02-24
34,Felicia Rose,+1-684-445-9802x394,hgarrison@example.net,2002-05-10
35,Donna Berger,+1-714-376-8710x13239,sarah54@example.net,2000-01-26
36,Olivia Hansen,8009481217,holtdakota@example.org,1968-02-09
37,Jocelyn Rollins,465-748-6285,jessica54@example.com,2000-06-24
38,Mr. Robert Davis II,225-539-9610x51123,cindywilson@example.com,1953-09-22
39,Diana Johnson,923.418.2266x132,joshuahernandez@example.com,1966-07-18
40,Marissa Taylor,763-487-0119,thomasbrian@example.org,1995-12-22
41,Heather Bennett,(418)483-9806,radams@example.com,2004-05-24
42,Willie Raymond,753-277-8777,jeffery96@example.net,1989-11-17
43,Andre Wood,513-256-7244,christinacontreras@example.org,1980-12-31
44,Carla Powell,618-716-1772x12675,tammy33@example.com,1962-03-13
45,Angela Mcdaniel,001-362-277-2336,nicholas97@example.net,1987-12-03
46,Charles Schmitt,379.624.8161x89110,nathan37@example.com,1950-12-23
47,Andrea Davis,3407857350,hhart@example.net,1975-09-15
48,David Robles,+1-253-267-0452x821,jessicacurtis@example.com,1997-11-10
49,Andrew Herrera,(388)800-1614x5631,christopheryoung@example.net,1989-06-13
50,Joseph Saunders,615.653.2787,pjohnson@example.com,1978-08-17
51,Sandra Kelley,(594)515-7940,brandon05@example.com,1983-09-04
52,Kari Casey,001-899-607-6254x09884,patrick54@example.org,1984-12-23
53,Jill Fernandez,+1-872-317-1190,jallen@example.org,1945-10-22
54,Cindy Smith,+1-208-809-3377x220,johnsonstephanie@example.com,2003-11-04
55,Jonathan Clark,546-643-4720,cliffordmeyer@example.net,2000-11-20
56,Michelle Galloway MD,500-446-5551x298,jasmin78@example.net,1993-11-10
57,Jeremy Burns,(343)957-0110,morgandana@example.org,1948-05-14
58,Aaron Johnson,485.479.3291,georgejanet@example.com,1949-09-23
59,Joseph Riley,283.526.9372x684,andersenlarry@example.com,1995-05-21
60,Maria Wright,(518)795-4071x04118,cory21@example.com,1991-11-11
61,Linda Hunt,+1-228-608-3954x2239,amandarodriguez@example.net,1956-04-08
62,Donald Powell,8968139426,john49@example.net,1956-06-26
63,Jennifer Larson,262.631.3380x875,whitneydavis@example.com,1951-04-30
64,Mr. Anthony Brock,564-602-5379,christopherwilliams@example.org,2006-02-07
65,Cathy Lyons,939.407.6397,bpaul@example.org,1999-03-16
66,Lauren Stevens,(726)263-3339x4481,harrisonwilliam@example.org,1968-08-03
67,Sarah Smith,(547)862-0230x185,williamvalencia@example.org,1950-05-04
68,Monica Herring,(394)767-2862,miranda83@example.org,1999-05-31
69,Christopher Lewis,(799)997-4342x37531,qbrown@example.com,1988-09-20
70,Samantha Martinez,(348)208-0025,williamavery@example.com,1945-09-14
71,Monica David,+1-361-772-8343x5622,zacharymiller@example.org,1995-08-13
72,Dennis Cooley,336.427.1311,shannon13@example.net,1956-08-10
73,Bradley Waters,981-351-7293x60240,smithmichelle@example.org,1950-12-02
74,Kenneth Smith,992.331.4119,lindawalker@example.net,1982-09-24
75,Thomas Watkins,818-229-4693,brownlaura@example.org,1992-05-01
76,Dennis Mitchell,242-435-1838,morrisongary@example.org,1970-10-04
77,Cindy Hester,859.612.1734,jaime66@example.org,1957-07-04
78,Johnny Walsh,690.735.4666x6316,perezkelly@example.org,1974-12-23
79,Taylor Lambert,467.292.1044x94397,kristijohnson@example.com,1972-01-12
80,Donald Hubbard,380-414-4684x35690,sramirez@example.com,1978-07-01
81,Casey Mitchell,(457)801-1390x8071,heather70@example.com,1950-05-31
82,Donald Hammond,+1-736-634-7949x01207,kevin93@example.net,2005-02-15
83,Catherine Mcmillan,+1-718-740-7361,ryantapia@example.net,2004-09-10
84,Nicholas Mullen,674-945-0586x9438,virginiadunlap@example.net,2001-04-12
85,Cheryl Brown,321-233-3607x3777,susanerickson@example.org,1990-10-24
86,Veronica Brown,+1-223-741-5033,jacksonkenneth@example.org,1989-09-15
87,David Todd MD,738.291.6295x548,youngshari@example.org,1984-11-22
88,Chelsea Rodriguez,392-274-6750,jenniferbrown@example.com,2003-05-06
89,Janet Thomas,308.694.4792,joshuaadams@example.com,1957-03-19
90,Breanna Cantrell,(355)669-2779,marc64@example.org,1984-05-31
91,Karen Peters,001-542-718-1139x52870,wsantiago@example.com,1969-04-23
92,Michael Larson,672.886.4022x36163,bmiller@example.net,1970-12-13
93,James Smith,3855454276,jbates@example.org,1987-01-24
94,Jeremy Reyes,+1-289-506-1385,mgonzalez@example.com,2001-12-19
95,Veronica Hart,+1-370-450-8336x723,jerome76@example.org,1991-03-15
96,Elizabeth Wright,(822)689-3687,moconnell@example.org,1948-06-21
97,Christina Buck,(296)750-0510,wangstephen@example.com,1966-09-04
98,Robert Black,8963057281,joshua94@example.com,1965-04-13
99,Sydney Hanson,(605)271-4157x850,wking@example.org,1998-06-11
100,Melissa Robertson,3684682656,rpeters@example.org,1965-07-06
101,Megan Roberts,001-855-959-4724x26839,jerrywatts@example.net,1980-11-09
102,Cynthia Bell,+1-982-434-9388x91213,enguyen@example.net,2000-05-17
103,Morgan Carr,234.496.5337x4035,hernandezdevin@example.com,2004-05-01
104,Heather Nguyen DVM,471-694-3932x16465,ysuarez@example.net,2000-08-11
105,Kimberly Robertson,+1-798-489-2476x2004,christopher16@example.org,1967-03-12
106,Danielle Bell,9624912399,hendersonbrenda@example.org,1954-04-16
107,Jerry Fernandez,234.479.5369,boyertina@example.net,1946-09-16
108,Monica Wu,001-426-835-8050,pmason@example.org,1953-07-02
109,Jennifer Lee,001-554-723-4918x8051,gestrada@example.org,1968-11-05
110,Lauren Davenport,+1-469-927-2675x6962,jonesdustin@example.com,1978-06-10
111,Eric Grant,7393298902,rdoyle@example.org,1979-07-06
112,Elizabeth Wright,(964)597-4029,brittney14@example.com,2002-10-10
113,Dawn Harris,540.490.0526,jennifer04@example.com,1998-10-21
114,Holly Thornton,+1-948-396-2354x821,juliesmith@example.com,1953-02-26
115,Pamela Bennett MD,001-512-898-4282x863,jimenezcaleb@example.org,1973-03-30
116,Andrea Rogers,(630)703-6770,marcusbell@example.org,1980-03-10
117,Brian Ramos,701-543-4871x448,jack95@example.com,1983-05-30
118,April Peck,001-528-630-8568x57574,moyerthomas@example.com,1981-07-26
119,Patty Reid,843.573.8744,joshuawu@example.org,1981-04-16
120,Kimberly Mcdonald,(829)837-0062x4954,lopezsylvia@example.org,1992-03-23
121,Abigail Walker,3049514558,ucook@example.com,1945-07-16
122,Dennis Burke,001-336-856-5256,poncesamuel@example.org,2000-02-22
123,Mary Stafford,+1-694-608-8835x5356,benjaminsmith@example.net,1998-02-02
124,Allen Preston,(611)533-0104,calebcole@example.com,1979-10-13
125,Eric Anthony,869-505-4767,ybarry@example.org,1976-03-11
126,Andrea Johnson,845.317.7010x3444,hernandezbrian@example.net,1946-10-15
127,Ashley Oconnor,(211)953-4287x55000,campbellkyle@example.net,1957-09-17
128,Tamara Andrade,929-360-3418x6178,davismary@example.org,1989-05-31
129,Kyle Romero,(393)886-2191x042,olewis@example.net,1987-06-05
130,Patricia Cunningham,+1-956-634-7962x129,pollardjonathan@example.net,1952-01-07
131,Rebecca Hill,825.618.4387x975,lopezalexander@example.org,1958-10-29
132,Cynthia Howe,207-321-8650,clarkmegan@example.net,2007-05-29
133,Pamela Ortiz,9962400590,jacobgonzalez@example.com,1950-12-22
134,Michael Moore,232.571.7079,stephentaylor@example.org,1999-01-27
135,Susan Robinson,001-399-725-8582x7363,scott23@example.com,1997-04-22
136,Kelly Leonard,375-848-5490x570,jonesemily@example.org,1955-10-29
137,Kimberly Hernandez,732.201.3939x4920,james87@example.net,2000-10-24
138,Brittany Howard,(398)928-9493,mckenzie19@example.net,2004-05-03
139,Cody Miller,2865646958,ashley56@example.com,1950-08-27
140,Gina Farmer,+1-438-942-3891x3471,hbooker@example.net,2004-11-17
141,Christopher Collins,796.472.8878x4784,fdrake@example.org,1983-06-09
142,Jasmine Greene,+1-869-826-1642x1685,kathryn03@example.com,1977-05-28
143,Emily Gonzalez,(778)863-9509x9194,ehughes@example.net,1984-01-31
144,Brian Jordan,769.564.2120,okennedy@example.com,1985-11-04
145,Clayton Lee,746-482-8499x6184,amy72@example.com,1976-07-05
146,Heather Gomez,+1-912-702-6788x331,williamsbrian@example.net,1956-03-29
147,Heather Richardson,001-915-405-3675x573,kevin10@example.org,1965-08-27
148,Caleb Santiago,404.800.8715x8360,danielkelley@example.net,1984-09-07
149,Ronald Ferguson,001-785-570-6133x83472,gregory51@example.com,1977-03-31
150,Shannon Henry,745.935.9204,owoods@example.com,1991-12-05
151,Taylor Torres,471.258.0218,donald86@example.com,1964-10-13
152,Joseph Fields,500-490-6784,fhuynh@example.org,1971-09-12
153,Russell Robertson,943-455-5727x0122,jacquelinegardner@example.com,1966-03-28
154,Kathleen Brown,+1-759-203-5007x40117,branchsusan@example.net,1948-04-23
155,Jeremy Ruiz,636-607-9134,melissacarter@example.net,1996-02-12
156,Paula Freeman,(788)856-3870x63093,troy71@example.net,1946-07-07
157,Steven Ward,(976)878-2108x03137,forddaniel@example.org,1954-08-27
158,Cody Morrison,(514)559-2903x05737,sabrina96@example.org,1960-01-13
159,Alan Kim,4544797896,owilliams@example.org,1996-04-26
160,Alexis Watson,+1-493-574-0214x0074,johnstonkatherine@example.com,1950-07-21
161,Ronald Ward,806.807.3846,owensphillip@example.com,1955-09-10
162,Angie Berry,539.577.9022,garyyoung@example.com,1989-03-23
163,Jeremy Haney,001-998-937-8610x35362,qhaney@example.net,1990-04-17
164,Lawrence Wilson,(710)668-2178x36244,jgray@example.org,1963-09-24
165,Amy Higgins,+1-773-667-5038,kristinabeck@example.org,1969-02-16
166,Wendy Armstrong,+1-662-728-8519x3909,michael34@example.net,1955-04-17
167,Claudia Davis,(376)338-2493x782,adavis@example.com,1965-05-29
168,Sarah Hancock,(660)416-3280,danielheather@example.com,1989-11-17
169,Karen Randolph,6087812805,kruegernicole@example.org,1960-10-13
170,Robin Turner,(903)874-6377,lawrencechristopher@example.com,1977-11-15
171,Sandra Parrish,001-675-698-7098,mcintoshbrittany@example.org,1978-11-05
172,Charles Brown,001-944-435-7786,kelli59@example.com,1964-03-20
173,David Vincent,001-871-224-7941x39253,dsnyder@example.org,1948-04-24
174,Kaitlyn Morgan,001-571-829-1948x68057,christybarrett@example.org,1984-08-19
175,Bianca Owens,384-952-9200x41407,michael29@example.org,1962-12-28
176,Christina Robinson,+1-942-475-6653x384,carlosvega@example.net,1985-09-29
177,Robert Robinson,(288)708-4583,sarahfoster@example.org,1968-01-30
178,Jermaine Baird,7946790903,hprince@example.net,1993-11-23
179,Brandon Moss,200.434.3520x803,emilycook@example.net,1973-07-26
180,Jessica Hernandez,890.581.3834,xharris@example.net,1950-01-01
181,Christopher Riley,625.343.9297,ihurley@example.net,1974-08-24
182,Rachael Hudson,001-899-849-0997x131,bookerbenjamin@example.org,1957-04-04
183,Daniel Porter,(666)795-8319,gperez@example.com,1954-03-19
184,Geoffrey White,+1-595-973-6485x1393,elliottlaura@example.net,1952-06-08
185,Michael Schneider,822-296-2479,charlestimothy@example.com,1972-02-20
186,Keith Hall,(271)523-7912,jonathon62@example.net,1981-03-12
187,Duane Morales,(222)906-7907x999,jenniferoliver@example.org,1970-06-21
188,Anthony Kent,(227)559-4927,bobbykhan@example.com,1966-05-15
189,Christopher Willis,(783)985-2332,davidhicks@example.net,1964-05-29
190,Mary Rios,+1-393-286-4025x3431,jessicajackson@example.com,1983-11-08
191,Michelle Snow,328-517-8227,april31@example.com,2003-09-02
192,Ariana Tyler,+1-461-822-6217,lindseylee@example.net,1981-05-23
193,Angel Kennedy,(628)428-4824,brian67@example.com,1968-04-28
194,Shari Bishop,409-787-1090,matthew62@example.org,1967-11-24
195,Mr. Micheal Wilson,3373742319,timothy61@example.com,1996-03-28
196,Austin Rodriguez,4464708831,danielle30@example.com,1955-06-29
197,Christine Clark,+1-906-697-1510x6643,monica00@example.org,1987-10-26
198,Mark Arellano,(713)362-6057x22671,alex51@example.org,2001-07-07
199,Wanda Boone,+1-507-870-6557x84070,phillipsmith@example.net,1950-11-15
200,Jeffery Allen,(842)895-4702,douglasallen@example.org,2005-03-02
201,James Reynolds,810.777.5031x8717,leechase@example.org,1997-07-27
202,Bryan Mitchell,721.769.6396,brooke83@example.com,1995-05-10
203,Nicholas Fields,(501)643-5037x714,schultzmelissa@example.net,1959-08-23
204,Matthew Cohen,590.452.3731x5226,samuelcase@example.com,1958-05-29
205,Eric Merritt,+1-498-777-7464x273,apena@example.org,1951-12-26
206,Jeffrey Garza,5853403505,cwatson@example.net,1948-05-29
207,Tracey Anderson,6248850998,kirstenschroeder@example.org,1994-11-18
208,Randall Moore,976-526-6833x381,barnettelizabeth@example.net,1961-02-21
209,Ashley Flynn,5176534196,alivincent@example.net,1984-10-10
210,Amanda Simmons,+1-934-519-9247x64642,steinscott@example.net,1962-11-18
211,Elizabeth Hernandez,001-963-790-3264x42304,stephanielang@example.net,1946-12-10
212,Stephanie Wilkerson,(661)822-1222,kenneth07@example.net,1946-08-06
213,Jason Hebert,+1-658-737-9564,craigevans@example.com,1971-10-09
214,Julie Gonzalez,+1-968-814-9565,basscory@example.com,1970-06-30
215,Brandon Ramos,230.231.9702,candace68@example.com,1953-09-13
216,Mark Smith,683.619.7012,williamsruth@example.com,1976-04-18
217,Scott White,494.910.1802,gina62@example.net,1994-10-17
218,Brenda Martin,+1-957-933-0244x8580,kelly77@example.org,1959-06-13
219,Henry Owens,6679742101,melinda07@example.org,1964-12-17
220,Michael Patel,340.822.3948x8332,dominguezemma@example.com,1946-08-12
221,Kari Walter,(410)581-1948x64271,ccook@example.com,1976-04-01
222,Savannah Lyons,+1-469-719-1485,lovejimmy@example.org,1956-06-23
223,Lisa Browning,207.870.0522,thomasbenjamin@example.net,1995-11-14
224,Mary Wilson,(732)848-5628x063,fmiller@example.com,1959-08-26
225,Peter Watson,001-821-495-5404x0139,sonya18@example.net,1992-12-31
226,Nathaniel Flores,960.249.8191x15265,ruizmegan@example.net,1997-02-10
227,Lori Wilcox,6327540772,ebryant@example.net,1962-05-06
228,Mary Shah,001-698-839-0819x673,lisa71@example.com,1952-04-27
229,Roberto Williams,(367)235-4973,nicolegreene@example.org,1988-05-13
230,Shawn Campbell,350.416.2036,karlscott@example.org,1983-03-21
231,Julie Thomas,001-764-303-4073x01113,frank13@example.org,1964-08-23
232,Kyle Jones,748.390.2398x0898,timothycoleman@example.org,1985-09-21
233,Jasmine Stanley,556-922-7404,hooverjeffrey@example.org,1968-02-08
234,Douglas Williams,(824)442-3038,turnerkeith@example.net,1948-05-09
235,Jesus Delgado,001-962-565-0500x365,amber01@example.net,1994-06-22
236,Kevin Roy,9737943743,kathleen51@example.org,2007-04-17
237,Adam Noble,(275)881-0033,ncastillo@example.com,1974-09-11
238,Sydney Rice,458.919.1694,burnettnorman@example.net,1994-10-22
239,Scott Webster,579.364.4736,llee@example.com,1982-08-23
240,Mr. Anthony Adkins,363-276-0709x529,kevin40@example.com,1953-09-22
241,Janet Walker,495-754-3812x9393,chamberslaura@example.org,1995-05-07
242,Jessica Benitez,(772)956-7652x5731,uflowers@example.org,1972-03-10
243,Tamara Hawkins,001-579-658-1833x1759,robertvazquez@example.org,1999-11-06
244,Katherine Gordon,704.214.8813x10028,oliverchristina@example.net,1996-01-13
245,Donald Yoder,758-347-1897,rebecca56@example.com,1976-03-10
246,Diane Levine,001-450-650-4724x2048,laceykeller@example.com,1985-11-08
247,Nathaniel Boone,(379)271-3797,ealvarez@example.com,2006-11-06
248,Tara Kelley,5132529305,mccallamy@example.net,1951-06-28
249,Jeffrey Strickland,7897140514,hubershannon@example.org,1999-01-04
250,Shawn Murphy,001-971-305-3397,bryanthomas@example.com,1954-03-21
251,Eric Taylor,001-644-367-9392x1441,paul33@example.org,1958-12-06
252,Nicholas Ramirez,+1-303-393-0931,richard75@example.org,1997-02-20
253,Christopher Gallagher,001-905-471-1676,tina94@example.net,1966-11-18
254,Emily Robles,001-866-955-4556x470,williamsleslie@example.org,1961-08-04
255,Tammy Rodriguez,+1-801-222-8235x159,smithallen@example.net,1999-09-24
256,Erika Murphy,851-920-9887,richard55@example.org,1955-04-12
257,Karen Brown,+1-306-746-8474x61407,juliestephens@example.org,1958-01-16
258,Ethan Pierce,533-992-0485x665,hornebrenda@example.net,1974-11-20
259,Richard Campbell,001-286-611-0042,aguilarkenneth@example.com,1946-01-16
260,Scott Wilcox,2228838608,pshepard@example.com,1948-07-16
261,Matthew Mitchell,5118363934,stevenbennett@example.net,1987-09-07
262,Alan Cruz,235-453-5989x314,barbara03@example.net,1980-01-27
263,Karen Duncan,377.537.0963,charles88@example.net,1945-12-13
264,Patricia Robinson,001-424-798-3884x5953,angela04@example.net,1954-02-28
265,Christina Cross,001-590-588-0533x4691,rebecca89@example.org,1994-08-04
266,Stacey Howell,466.552.1735x5244,fcarlson@example.net,1955-04-24
267,Jennifer Hernandez,(261)298-2123x64572,jenniferbennett@example.com,1969-05-24
268,Jennifer Hoffman,973.920.4627,cherrytammy@example.com,1968-12-21
269,Melinda Leblanc,001-322-494-8921x3640,ashleyhall@example.org,2001-05-12
270,Shannon Diaz,001-925-980-8909x28270,kevin47@example.org,1967-10-17
271,Adam Williams,824.328.6826x6428,andersonmegan@example.net,1993-05-25
272,Renee Ellison,001-589-658-9121,heathercruz@example.net,1946-05-02
273,Christopher Taylor,001-416-678-0422x072,alexanderford@example.org,1997-03-15
274,Nancy Mullins DVM,5455010958,bschneider@example.com,1985-04-29
275,Ashley Mahoney,001-461-597-0393x85439,petersalex@example.net,1961-08-05
276,Adam Brown,(662)911-6615,barbara65@example.net,1990-05-12
277,Melissa Hicks,760-226-6943,emilyhicks@example.org,1996-07-19
278,Sharon Collins,423-330-8277x815,peter18@example.com,1961-12-24
279,Tonya Haley,001-879-508-9737,melanie59@example.com,1979-10-30
280,Thomas Perkins,(372)598-2047,bonnieyoder@example.net,2004-10-10
281,Kelsey Humphrey,7533275819,angela29@example.org,1951-04-30
282,Logan Allen,001-805-874-1474x448,hollandjoshua@example.net,1971-08-14
283,Seth Martin,800-982-9252,jamie68@example.org,1948-11-09
284,Mark Sharp,+1-649-644-6538x208,irubio@example.com,1966-02-02
285,Jacqueline Pena,476.560.5531,lucerogabriel@example.com,1975-08-03
286,Kimberly Mason,478-235-8907,wilsonelizabeth@example.org,1991-11-11
287,Drew Hall,(626)762-2693,kenneth92@example.net,1955-11-16
288,Brian Gregory,001-640-709-7463,mccoykaitlyn@example.com,1970-09-22
289,Jonathan Robertson,+1-478-604-3943x2190,samanthareed@example.org,1972-03-28
290,Sarah Shea,(957)421-7817x4627,dmiller@example.net,1952-10-13
291,Robert Clark,980-522-7633,xlawrence@example.net,1947-01-20
292,Donna Moore,912-511-4642x3547,aadams@example.com,1954-07-22
293,Jeremy Jackson,756.959.1932,patricia32@example.com,1969-02-18
294,Anthony Russo Jr.,358.860.4383x12721,roberthiggins@example.org,1972-10-24
295,Paul Villarreal,(974)880-7179x9437,brenda17@example.net,2001-09-27
296,Brian Brown,628-452-9731,daltonsmith@example.net,1999-01-07
297,Alexander Cox,(846)464-5545x89196,floresjohn@example.org,1994-12-17
298,Lisa Franco,948-372-1041,sabrinasmith@example.org,1978-04-19
299,John Mooney,001-958-511-7566,ronaldhowell@example.net,1958-12-31
300,Roger Harris,+1-841-665-7724,hhall@example.com,1986-11-09
301,Steven Harris,431.664.2693x1762,ucruz@example.org,1951-07-06
302,Ryan Berger,805-766-0872,smithjoseph@example.net,1996-07-07
303,Ashley Keith,992-889-4171x8012,hroth@example.org,1987-03-08
304,Chelsey Wilson,783.692.2835x1134,gscott@example.com,1951-05-30
305,Heather Johnson,+1-902-960-4840,sarahbrowning@example.net,1973-10-07
306,Samantha Lewis,885-447-8674,butlerian@example.com,1980-05-05
307,Eric Simpson,(220)492-3634x613,joseph13@example.com,1971-01-22
308,Brian Morales,001-321-531-1848x3894,joseph82@example.com,2000-09-21
309,Danielle Barrera,(923)358-0137x5328,mullinsnatasha@example.org,1998-08-24
310,David Franklin,412-398-4225x08270,walter43@example.org,1990-02-09
311,Sarah Robertson,001-995-628-3739x754,kathleenwilliams@example.net,1976-10-12
312,Erin Jones DDS,276.252.2723x093,waltermary@example.net,1995-09-22
313,Eric Valencia,001-536-478-5928x9205,bchristian@example.com,1988-01-16
314,Christina Cohen,344-684-8259x04120,bprice@example.org,1966-01-04
315,Laura Ross,(375)289-5866,iortega@example.org,1950-12-01
316,Brandon Zhang,001-778-695-4208x12122,vanessa03@example.com,1976-07-27
317,John Martin,8547391308,callen@example.net,1975-05-27
318,Victor Gentry,4258643729,hthompson@example.com,2006-10-22
319,Jeffrey Jones,461-684-6367,nsheppard@example.net,1947-07-15
320,Heidi Mcdaniel,226-984-1403x43376,fcarr@example.com,1994-02-06
321,Elizabeth Reed,(971)641-3457x0048,gnoble@example.org,1956-05-29
322,Ashlee Freeman,001-550-589-8502x10420,pmiller@example.com,1975-05-26
323,Richard Young,3258523022,vangcindy@example.com,2000-12-24
324,Mark Douglas,+1-856-548-9519,kevin83@example.org,2002-10-04
325,Shirley Cooley,001-508-411-6316,kathynelson@example.net,1989-11-29
326,Christopher Mckinney,001-565-802-7989x51832,ulindsey@example.com,1969-07-08
327,George Dunn,(391)344-3267,abigail10@example.com,2001-04-13
328,Sandra Doyle,241-594-0355,rbryant@example.com,1955-09-28
329,Kelly Warren,795.292.4080x505,patriciafry@example.com,1946-03-22
330,Cindy Stokes,450.835.0672x106,allison06@example.com,1988-10-07
331,Mr. Marc Harrington,508.529.4875x493,lisagonzales@example.org,1960-11-02
332,Craig Perez,+1-376-570-3010,paul50@example.org,1991-01-06
333,Joseph Mooney,299-332-4300x09554,rhicks@example.com,1956-10-31
334,Jim Miles,001-238-286-5596x268,cwilliams@example.org,2001-05-19
335,Susan Barnes,958-895-1197,kathryn60@example.com,1996-04-07
336,Austin Tyler,+1-955-836-2532x41257,nrobbins@example.com,1950-08-28
337,Carolyn Sandoval,986-521-3825x8056,chad14@example.org,2001-02-17
338,Joshua Walker,279.844.7455x2652,lambryan@example.net,1950-01-01
339,Eric Foley,965-715-7704,idavis@example.org,1968-01-02
340,Patricia Curry,(391)954-6863x94559,fknight@example.org,1949-04-05
341,Kaitlin Lopez,745-380-9328x100,carpentersarah@example.net,1991-08-20
342,Scott Gibson,001-617-247-6990x2436,scottjoseph@example.com,1981-09-10
343,Michael Garrett,+1-876-977-2829x1684,kinglisa@example.net,1996-08-17
344,Heather Maldonado,433.554.1532x8735,ralph52@example.com,1988-02-06
345,Sarah Abbott,678.948.1269x225,trevor32@example.net,1961-10-10
346,Heather Fuentes,919-610-8299,cprince@example.net,1980-12-13
347,Sandra Lewis,721.267.2765x48335,zwyatt@example.net,1953-08-20
348,Jose Chang,(245)602-1957,richard23@example.com,1969-01-07
349,Ryan Castro,(591)491-2545x780,bridgesamber@example.com,2000-09-30
350,Mark Larsen,3882606353,thomas48@example.org,1957-01-05
351,Diane Nash,(363)767-4596x66206,aprilpace@example.com,1952-11-08
352,Katelyn Roberts,419.276.4519x52754,steve62@example.com,2004-09-10
353,Joseph Powell,(831)333-3511x3053,njohnson@example.com,1977-07-20
354,Patrick Finley,299.552.0041x59440,brownsteven@example.org,1971-06-14
355,Brian Cox,001-947-986-3565x91981,kathleen27@example.com,1959-10-16
356,Krista Arellano,907-972-4909x53602,flarson@example.net,1979-08-27
357,Melissa Lee,(632)382-2092x765,fgarrison@example.net,1969-06-11
358,Margaret Salazar,379.803.9853x550,whiteallen@example.org,1971-07-19
359,Kenneth Sandoval,713.444.2415x6820,andreaspence@example.net,1960-02-29
360,Jennifer Gonzales,+1-938-587-2089x44713,andersonwilliam@example.net,1961-04-23
361,Joseph Rhodes,+1-800-666-7277,espinozabrendan@example.org,1988-02-16
362,Ashley Meyer,896.589.9119x8081,benjamin66@example.net,1946-12-24
363,Sandra Buckley,+1-577-323-8413,codybryant@example.com,1954-05-30
364,Thomas Castro,(917)564-3228x434,chenbrian@example.org,1960-08-05
365,Caleb Taylor,619.534.9790x09181,cardenasmichael@example.com,1951-08-13
366,Garrett Martinez,+1-450-472-1910,donnawelch@example.com,1986-06-10
367,Jennifer Stewart,341-646-6094x283,cnorton@example.org,1997-04-17
368,Paul Smith,001-224-592-9114,ohatfield@example.com,1950-08-25
369,Calvin Thomas,(456)836-4247x781,brennanalexis@example.org,1946-02-27
370,Cindy Miller,(370)310-4553,johnstephens@example.org,1996-08-10
371,Hunter Morales,+1-620-441-3447x7976,lopezjeremy@example.net,1954-02-08
372,Elizabeth Lynch,(347)311-3813,barbara11@example.net,1972-06-06
373,Vicki Martin,+1-584-915-5201x478,susanbarnes@example.com,1962-11-16
374,Christine Hopkins,001-828-487-6131x6369,phyllis60@example.net,1975-03-13
375,Deborah Howard,(660)737-3132x1382,adamskristen@example.org,1975-09-20
376,Gregory Alvarado,355.561.7415x979,lindsayallen@example.com,1965-07-23
377,Alex Andrews,001-252-812-4973x374,vbryant@example.org,1989-02-01
378,Hannah Barajas,830-830-2313,tommy71@example.com,1981-10-17
379,Ray Gomez,7639307462,christophergonzalez@example.org,1971-05-10
380,Mark Taylor,001-322-998-3003x39700,timothy64@example.com,1953-03-09
381,Rodney Mccoy,001-705-833-4550,johnsonsamantha@example.net,1980-01-27
382,Jeffrey Griffin,001-317-367-2487x9680,jasonwhite@example.net,1946-02-19
383,Daniel Patterson,714-206-7345,oholder@example.org,1945-09-16
384,Briana Frazier,448-915-0231x873,tsanchez@example.com,1975-08-10
385,Brian Jenkins,438-993-7904,hartpaul@example.net,1997-03-01
386,Luis Olsen,001-247-613-6830x825,sloanpamela@example.net,1975-09-01
387,Kelly Frederick,+1-775-461-7467x504,tammylynch@example.com,1990-08-02
388,Jacob Owens,638.798.1116x08703,hannahjensen@example.net,2005-09-25
389,Kyle Dillon,001-668-675-0023x68813,gutierrezelizabeth@example.com,1947-07-20
390,Heather Diaz,001-854-404-2460x44182,cruzemily@example.net,1956-01-14
391,Tina Salazar,573.799.3120,april03@example.net,1971-01-21
392,Frank Brown,001-390-264-8218x6267,mitchellstephanie@example.com,1980-12-25
393,Christopher Yang,685-802-9289,icastro@example.net,1993-04-18
394,Jordan Hall,495-417-0159x2897,david47@example.com,1978-09-04
395,Julian Martin,(609)689-2750x5305,usmith@example.com,1980-05-25
396,Christina Leach,(288)489-0523x144,enichols@example.com,2002-07-07
397,Jennifer Johnson,(965)301-8868,tinabailey@example.org,1974-02-28
398,Anne Miller,001-399-365-4218x0491,gregorybarbara@example.net,1989-07-21
399,Laura Smith,(220)977-0768x843,ebrown@example.com,2002-01-27
400,Matthew Cunningham,(440)378-6978x9888,haynesgerald@example.net,1945-12-23
401,Theresa Smith,(604)510-6279,harrisdonna@example.net,1946-09-17
402,Brian Herman,+1-926-926-2049x804,zhenderson@example.net,1998-03-03
403,Travis Kim,6915448378,curtisbuckley@example.com,1985-05-08
404,Samuel May,+1-973-454-8062,perezjoshua@example.org,1950-11-19
405,Dr. Jessica Perry,001-903-985-6668x469,kimmelissa@example.net,1962-11-25
406,Pam Gray,970-479-2047,lscott@example.com,1954-11-02
407,Tyler Anderson,(880)359-9084x92460,robertmiller@example.com,1977-12-24
408,Greg Harris,257-666-3009,bsingleton@example.org,1965-07-03
409,Chad Davis,(641)515-8064x426,nicole87@example.org,1971-04-25
410,Margaret Hill,001-832-851-8435,nicolejensen@example.net,1977-06-26
411,William Hines,377.218.1936,jose08@example.org,1948-12-15
412,Jason Finley,581.208.7513x4665,christopherellison@example.org,1993-03-03
413,William Smith,662-569-2843,yowens@example.org,1977-08-19
414,Alexa Shah,001-740-516-3129,allisonstephens@example.net,1956-10-10
415,Cynthia Spears,3516329811,lhicks@example.net,1972-08-13
416,Mrs. Michelle Anderson,477.804.6924x269,fhubbard@example.org,1969-02-21
417,Mark Tyler,374-851-8797,joshuajensen@example.net,1992-01-01
418,Steven Thomas,001-987-742-4016x708,hollowayconnie@example.net,1948-07-14
419,Travis Erickson,679-682-4471x113,connorrobinson@example.net,1979-04-01
420,John Mahoney,001-886-234-7590,brandigordon@example.org,1983-01-25
421,Joyce Hayes,615-396-1424,holmesnicole@example.com,1974-10-04
422,Jerome Mccall,001-320-578-5249x242,sean09@example.com,1995-11-10
423,Shannon Flores,001-629-580-4837x238,christina80@example.org,1963-07-21
424,Karen Martin,592.966.1330,lloydedward@example.net,1969-04-16
425,Isaiah Gaines,5825049397,justinphillips@example.net,1984-06-09
426,Elizabeth Waller,(495)755-0330,colson@example.net,1952-09-04
427,Donald Garcia,533.859.8503,jennifer71@example.org,2003-03-12
428,Kimberly Holloway,858.364.8823,garcialisa@example.org,2005-08-02
429,Sheila Dudley,(502)390-9443x3614,dylan20@example.net,1989-05-18
430,Lori Ritter,778.998.1767,usalas@example.org,1991-11-06
431,Heidi Torres,(905)463-9834x51414,julie44@example.org,1975-03-08
432,Joel Hines,9019101534,ashleymarshall@example.net,1965-12-24
433,James Watson,+1-256-463-4918x16928,maryweaver@example.com,1973-02-01
434,Scott Sloan,+1-635-670-9772x6908,timothytodd@example.org,1976-07-12
435,Mark Smith,+1-995-577-6405x612,heatherstevens@example.com,1972-01-23
436,Deborah Johnson,604.779.9821x2914,wjohnston@example.net,1953-04-12
437,Billy Ramos,657.562.9326x6195,taylorjennifer@example.com,1993-04-07
438,Danielle Alvarez,001-214-260-1683,xstrickland@example.com,1952-08-07
439,Bob Crawford,475-709-3214,alexandrajones@example.org,1967-09-03
440,Christine Hawkins,5414966581,danielmorris@example.com,1979-08-17
441,Martha Kelly,903-365-4725x717,hortonjennifer@example.org,1970-08-29
442,Sharon Lee,(263)623-0120,laurensanchez@example.org,1968-10-07
443,Laura Thompson,7539408158,smithjustin@example.org,1950-11-04
444,Deborah Miller,(216)288-3793x349,ginalawson@example.com,1954-03-14
445,Kaitlyn Evans,920-957-2288,tdiaz@example.com,1957-01-22
446,Beth Mccarty,(679)670-3154x89870,schmidtdalton@example.net,1946-05-16
447,Allison Lane,2885943379,kenneth17@example.net,1962-06-15
448,William Garcia,601.258.9667x8168,wbuckley@example.net,1975-03-03
449,Laura Gates,001-443-702-3974x0891,flee@example.com,1970-09-06
450,Joshua Ward,001-915-570-4885x863,clarkjames@example.net,1994-03-22
451,Jose Carroll,346.924.9700x80424,veronicathompson@example.com,2001-03-23
452,Mr. Bryan Barnes Jr.,893.902.2507x800,fernandezgregory@example.org,1993-02-03
453,Melissa Lambert,(503)339-4169x0750,thomasshannon@example.org,1999-05-24
454,Heather Walker,001-365-228-2864x44266,pbaker@example.net,1975-07-08
455,Ms. Joy Collins,(723)265-5710x2228,nmullins@example.org,1987-10-31
456,Thomas Harris,(671)435-5756x13370,tmedina@example.org,1953-08-19
457,Joshua Sullivan,5152746588,smithchristina@example.net,1995-06-28
458,Kathleen Weber,(508)226-2099x314,trevor61@example.org,1993-09-06
459,Traci Williams,857-360-3589x0067,jeffrey88@example.org,1971-12-08
460,Benjamin Andrews,+1-357-670-8661x48190,david92@example.net,1955-06-14
461,Jeffery Lam,(537)523-6668x410,ffernandez@example.org,1980-08-19
462,Jennifer Berg,4275142632,samantha38@example.com,1949-04-11
463,Jeffrey Smith,514-865-4958,joneschristian@example.com,1958-06-08
464,Nicole Davis,777.438.4737x6774,pamelabaird@example.com,1997-03-20
465,Alyssa Harris,912.976.3441x19993,elizabethsanders@example.org,1982-02-13
466,Zachary Young,(317)661-6453x0601,yjohnson@example.org,1957-07-25
467,Daniel Mathis,9725327696,cindy28@example.org,1973-02-14
468,Katherine Taylor,+1-606-730-6394x603,deborahbrown@example.org,1985-07-17
469,Sarah Jones,(211)687-2731,mistyhernandez@example.org,1967-06-18
470,Albert Riley,001-991-730-6924,dclark@example.net,2004-05-29
471,Kim Ramirez MD,+1-400-226-1304x7450,margaret90@example.com,1957-03-27
472,Jean Palmer,577.941.8923,rmarshall@example.org,1970-02-07
473,David Hoover,416-942-1663x8088,harveyjames@example.com,1979-12-09
474,Kristen Young,446-633-4710x337,bmitchell@example.com,1995-05-01
475,Wendy Kaiser,001-450-664-4183x028,stephanie44@example.com,1947-08-20
476,Alicia Shepard,+1-376-366-6930x6091,hensonjennifer@example.org,1989-09-17
477,Nicole Foster,943.505.1316x9284,angelalam@example.com,1946-10-30
478,Mrs. Lisa Robinson,001-958-347-6852x470,nsalazar@example.com,1954-10-30
479,Shelia Heath PhD,326.503.3603,sarah35@example.net,1950-09-20
480,Brian Nielsen,001-677-305-3445x1491,bridget25@example.org,1953-01-30
481,Robert Mann,533-808-2295x308,patriciahoward@example.org,1949-02-06
482,Corey Long,877.640.4782,kellyjordan@example.org,1971-04-13
483,Joseph Barton,+1-763-577-9677x398,atkinsjerry@example.com,1965-07-06
484,Kendra Evans,739.603.1675x1047,xnicholson@example.org,1986-12-10
485,Joshua Miller,+1-953-347-6153x098,smithlindsay@example.net,1968-10-24
486,Monica Johnston,001-631-233-8138x330,roberta18@example.org,1981-05-22
487,Joyce Cohen,001-346-857-9067x5218,sarahross@example.org,1996-09-23
488,Linda Reed,854.561.6462x25571,izimmerman@example.com,1995-07-13
489,Daniel Jones,(622)498-6855,qadams@example.com,1965-03-20
490,Cynthia Brown,001-961-782-1064x445,carlsonraymond@example.com,1987-10-09
491,Jonathan Patterson,001-770-217-3556x849,hillkelly@example.org,1999-07-14
492,Greg Smith,(324)258-5985x508,turnereric@example.com,1969-04-16
493,Richard Smith,745-624-9413x56460,monica23@example.net,1961-03-06
494,Selena Contreras,460.381.4242x366,anthonyhunt@example.com,1958-12-21
495,Sarah Jones,(813)409-6110x66133,ashleywilliams@example.net,1973-03-16
496,Beth Russell,(622)380-7271x7848,martinezkevin@example.net,2000-10-23
497,Lori Anderson,001-675-330-8244,james45@example.net,1968-01-03
498,David Johnson,(812)415-8999,kennedyeddie@example.net,1998-04-28
499,Jamie Rodriguez,(964)919-0766x4173,joshua02@example.org,2007-04-23
500,Andrew Johnson,981-999-1507x5367,peter07@example.net,2004-05-15
